{
  "version": 1,
  "author": "Anonymous maker",
  "editor": "wokwi",
  "parts": [
    { "type": "wokwi-breadboard", "id": "bb1", "top": -204.6, "left": -179.6, "attrs": {} },
    { "type": "wokwi-breadboard", "id": "bb2", "top": 323.4, "left": -198.8, "attrs": {} },
    { "type": "wokwi-arduino-uno", "id": "uno", "top": 10.2, "left": -29.4, "attrs": {} },
    { "type": "wokwi-led", "id": "led1", "top": -195.6, "left": 71, "attrs": { "color": "red" } },
    {
      "type": "wokwi-resistor",
      "id": "r1",
      "top": -149.65,
      "left": 96,
      "attrs": { "value": "1000" }
    },
    {
      "type": "wokwi-led",
      "id": "led2",
      "top": -195.6,
      "left": 13.4,
      "attrs": { "color": "yellow" }
    },
    {
      "type": "wokwi-led",
      "id": "led3",
      "top": -195.6,
      "left": -53.8,
      "attrs": { "color": "green" }
    },
    {
      "type": "wokwi-resistor",
      "id": "r2",
      "top": -72.85,
      "left": 57.6,
      "attrs": { "value": "1000" }
    },
    {
      "type": "wokwi-resistor",
      "id": "r3",
      "top": -72.85,
      "left": -57.6,
      "attrs": { "value": "1000" }
    }
  ],
  "connections": [
    [ "uno:GND.2", "bb1:bn.1", "black", [ "v28.7", "h-264.9" ] ],
    [ "bb1:bn.6", "bb1:13t.e", "green", [ "v-20.5", "h-96.8", "v-76.8", "h134.4", "v9.6" ] ],
    [ "bb1:13t.d", "bb1:20t.e", "green", [ "v28.8", "h67.2" ] ],
    [ "bb1:20t.d", "bb1:26t.e", "green", [ "v28.8", "h57.6" ] ],
    [ "bb1:23b.f", "bb1:21t.c", "green", [ "v0" ] ],
    [ "bb1:11b.f", "bb1:14t.c", "green", [ "v0" ] ],
    [ "led1:A", "bb1:27t.a", "", [ "$bb" ] ],
    [ "led1:C", "bb1:26t.a", "", [ "$bb" ] ],
    [ "led2:A", "bb1:21t.a", "", [ "$bb" ] ],
    [ "led2:C", "bb1:20t.a", "", [ "$bb" ] ],
    [ "led3:A", "bb1:14t.a", "", [ "$bb" ] ],
    [ "led3:C", "bb1:13t.a", "", [ "$bb" ] ],
    [ "r1:1", "bb1:27t.b", "", [ "$bb" ] ],
    [ "r1:2", "bb1:33t.b", "", [ "$bb" ] ],
    [ "r2:1", "bb1:23b.h", "", [ "$bb" ] ],
    [ "r2:2", "bb1:29b.h", "", [ "$bb" ] ],
    [ "r3:1", "bb1:11b.h", "", [ "$bb" ] ],
    [ "r3:2", "bb1:17b.h", "", [ "$bb" ] ],
    [ "uno:4", "bb1:17b.j", "green", [ "v-48", "h-188.1", "v-9.6" ] ],
    [ "uno:3", "bb1:29b.i", "green", [ "v0" ] ],
    [
      "uno:2",
      "bb1:33t.a",
      "green",
      [ "v-57.6", "h253.7", "v-134.4", "h-297.6", "v19.2", "h-9.6" ]
    ]
  ],
  "dependencies": {}
}