{
  "version": 1,
  "author": "Anonymous maker",
  "editor": "wokwi",
  "parts": [
    { "type": "wokwi-breadboard", "id": "bb1", "top": -79.8, "left": -179.6, "attrs": {} },
    { "type": "wokwi-arduino-uno", "id": "uno", "top": 154.2, "left": 37.8, "attrs": {} },
    { "type": "wokwi-led", "id": "led1", "top": -61.2, "left": 13.4, "attrs": { "color": "red" } },
    {
      "type": "wokwi-resistor",
      "id": "r1",
      "top": -5.65,
      "left": 38.4,
      "attrs": { "value": "1000" }
    },
    {
      "type": "wokwi-resistor",
      "id": "r2",
      "top": -5.65,
      "left": 124.8,
      "attrs": { "value": "1000" }
    },
    {
      "type": "wokwi-pushbutton",
      "id": "btn2",
      "top": -0.6,
      "left": 214.2,
      "rotate": 90,
      "attrs": { "color": "green", "xray": "1" }
    }
  ],
  "connections": [
    [ "uno:3", "bb1:27t.e", "blue", [ "v-38.4", "h-159.2" ] ],
    [ "uno:5V", "bb1:bp.1", "red", [ "v19.1", "h-332.2", "v-259.2" ] ],
    [ "uno:GND.2", "bb1:bn.3", "black", [ "v28.7", "h-332.1" ] ],
    [ "bb1:13b.i", "bb1:bp.10", "blue", [ "v0" ] ],
    [ "bb1:bn.11", "bb1:20t.e", "black", [ "v-87.7", "h8.8" ] ],
    [ "uno:2", "bb1:44b.j", "green", [ "v28.8", "h71.3", "v-96", "h-86.4" ] ],
    [ "led1:A", "bb1:21t.b", "", [ "$bb" ] ],
    [ "led1:C", "bb1:20t.b", "", [ "$bb" ] ],
    [ "r1:1", "bb1:21t.d", "", [ "$bb" ] ],
    [ "r1:2", "bb1:27t.d", "", [ "$bb" ] ],
    [ "btn2:1.l", "bb1:44t.c", "", [ "$bb" ] ],
    [ "btn2:2.l", "bb1:42t.c", "", [ "$bb" ] ],
    [ "btn2:1.r", "bb1:44b.h", "", [ "$bb" ] ],
    [ "btn2:2.r", "bb1:42b.h", "", [ "$bb" ] ],
    [ "r2:1", "bb1:30t.d", "", [ "$bb" ] ],
    [ "r2:2", "bb1:36t.d", "", [ "$bb" ] ],
    [ "bb1:42t.b", "bb1:30t.a", "green", [ "v-28.8", "h-115.2" ] ],
    [ "bb1:bp.30", "bb1:36t.e", "green", [ "v-87.3", "h-10.4" ] ]
  ],
  "dependencies": {}
}