{
  "version": 1,
  "author": "Anonymous maker",
  "editor": "wokwi",
  "parts": [
    { "type": "wokwi-breadboard", "id": "bb1", "top": -70.2, "left": -150.8, "attrs": {} },
    { "type": "wokwi-arduino-uno", "id": "uno", "top": 144.6, "left": 28.2, "attrs": {} },
    { "type": "wokwi-led", "id": "led1", "top": -61.2, "left": -121, "attrs": { "color": "red" } },
    {
      "type": "wokwi-led",
      "id": "led2",
      "top": -61.2,
      "left": -25,
      "attrs": { "color": "yellow" }
    },
    {
      "type": "wokwi-led",
      "id": "led4",
      "top": -61.2,
      "left": 71,
      "attrs": { "color": "limegreen" }
    },
    { "type": "wokwi-buzzer", "id": "bz1", "top": -84, "left": 213, "attrs": { "volume": "0.1" } },
    {
      "type": "wokwi-resistor",
      "id": "r1",
      "top": -15.25,
      "left": -96,
      "attrs": { "value": "1000" }
    },
    {
      "type": "wokwi-resistor",
      "id": "r2",
      "top": -15.25,
      "left": 0,
      "attrs": { "value": "1000" }
    },
    {
      "type": "wokwi-resistor",
      "id": "r3",
      "top": -15.25,
      "left": 96,
      "attrs": { "value": "1000" }
    }
  ],
  "connections": [
    [ "bb1:10t.e", "uno:4", "green", [ "v124.8", "h38.4" ] ],
    [ "uno:3", "bb1:20t.e", "green", [ "v-48", "h-188" ] ],
    [ "uno:2", "bb1:30t.e", "green", [ "v0" ] ],
    [ "uno:5V", "bb1:bp.1", "red", [ "v9.5", "h-313", "v-220.8" ] ],
    [ "uno:GND.2", "bb1:bn.45", "black", [ "v9.5", "h195.9", "v-211.2" ] ],
    [ "bb1:bp.43", "bz1:2", "green", [ "v0" ] ],
    [ "bb1:bn.5", "bb1:3t.e", "green", [ "v-87.7", "h-39.2" ] ],
    [ "bb1:3t.d", "bb1:13t.e", "green", [ "v28.8", "h96" ] ],
    [ "bb1:13t.d", "bb1:23t.e", "green", [ "v28.8", "h96", "v-19.2" ] ],
    [ "bz1:1", "bb1:39t.c", "", [ "$bb" ] ],
    [ "bz1:2", "bb1:40t.c", "", [ "$bb" ] ],
    [ "led1:A", "bb1:4t.a", "", [ "$bb" ] ],
    [ "led1:C", "bb1:3t.a", "", [ "$bb" ] ],
    [ "led2:A", "bb1:14t.a", "", [ "$bb" ] ],
    [ "led2:C", "bb1:13t.a", "", [ "$bb" ] ],
    [ "led4:A", "bb1:24t.a", "", [ "$bb" ] ],
    [ "led4:C", "bb1:23t.a", "", [ "$bb" ] ],
    [ "r1:1", "bb1:4t.b", "", [ "$bb" ] ],
    [ "r1:2", "bb1:10t.b", "", [ "$bb" ] ],
    [ "r2:1", "bb1:14t.b", "", [ "$bb" ] ],
    [ "r2:2", "bb1:20t.b", "", [ "$bb" ] ],
    [ "r3:1", "bb1:24t.b", "", [ "$bb" ] ],
    [ "r3:2", "bb1:30t.b", "", [ "$bb" ] ],
    [ "bz1:1", "uno:5", "green", [ "v28.8", "h-57.6", "v67.2", "h57.6" ] ]
  ],
  "dependencies": {}
}