{
  "version": 1,
  "author": "Anonymous maker",
  "editor": "wokwi",
  "parts": [
    { "type": "wokwi-breadboard", "id": "bb1", "top": 16.2, "left": -208.4, "attrs": {} },
    { "type": "wokwi-arduino-uno", "id": "uno", "top": 240.6, "left": -10.2, "attrs": {} },
    { "type": "wokwi-dht22", "id": "dht1", "top": -18.9, "left": 81, "attrs": {} }
  ],
  "connections": [
    [ "uno:GND.2", "bb1:bn.50", "black", [ "v28.7", "h215.1" ] ],
    [ "uno:5V", "bb1:bp.50", "red", [ "v57.5", "h282.2", "v-297.6" ] ],
    [ "bb1:bp.46", "bb1:51b.j", "green", [ "v-20.1", "h-58.4", "v-9.6" ] ],
    [ "bb1:45b.g", "bb1:30t.e", "green", [ "v-28.8", "h-144" ] ],
    [ "bb1:34b.j", "uno:3", "green", [ "v19.2", "h67.2" ] ],
    [ "bb1:31t.e", "bb1:28b.h", "green", [ "v0" ] ],
    [ "bb1:33t.e", "dht1:GND", "green", [ "v0" ] ],
    [ "bb1:31t.e", "dht1:SDA", "green", [ "v0" ] ],
    [ "bb1:30t.e", "dht1:VCC", "green", [ "v-9.6" ] ],
    [ "bb1:45b.g", "bb1:51b.h", "green", [ "v9.6", "h57.6" ] ],
    [ "bb1:33t.e", "bb1:bn.47", "green", [ "v9.6", "h249.6" ] ],
    [ "dht1:VCC", "bb1:30t.d", "", [ "$bb" ] ],
    [ "dht1:SDA", "bb1:31t.d", "", [ "$bb" ] ],
    [ "dht1:NC", "bb1:32t.d", "", [ "$bb" ] ],
    [ "dht1:GND", "bb1:33t.d", "", [ "$bb" ] ],
    [ "bb1:28b.h", "bb1:34b.j", "green", [ "v0" ] ]
  ],
  "dependencies": {}
}